{
  "clip": "PXL_20260720_151519220",
  "tol": 30,
  "n_attempts": 42,
  "conditions": [
    {
      "condition": "C1 baseline@0.25 (greedy)",
      "produced": 25,
      "tp": 25,
      "fp": 0,
      "fn": 17,
      "precision": 1.0,
      "recall_all": 0.5952380952380952,
      "recall_rim": 0.5853658536585366,
      "recall_airball": 1,
      "n_airball": 1
    },
    {
      "condition": "C2 cloud@0.01 (greedy)",
      "produced": 12,
      "tp": 12,
      "fp": 0,
      "fn": 30,
      "precision": 1.0,
      "recall_all": 0.2857142857142857,
      "recall_rim": 0.2682926829268293,
      "recall_airball": 1,
      "n_airball": 1
    },
    {
      "condition": "C3 beam (cloud MHT)",
      "produced": 29,
      "tp": 29,
      "fp": 0,
      "fn": 13,
      "precision": 1.0,
      "recall_all": 0.6904761904761905,
      "recall_rim": 0.6829268292682927,
      "recall_airball": 1,
      "n_airball": 1
    },
    {
      "condition": "C4 greedy u beam (production candidate)",
      "produced": 32,
      "tp": 32,
      "fp": 0,
      "fn": 10,
      "precision": 1.0,
      "recall_all": 0.7619047619047619,
      "recall_rim": 0.7560975609756098,
      "recall_airball": 1,
      "n_airball": 1
    }
  ],
  "make_miss": {
    "n_matched": 32,
    "geometric": {
      "correct": 14,
      "na": 13,
      "make_hit": 6,
      "make_tot": 15
    },
    "visual": {
      "correct": 28,
      "na": 0,
      "make_hit": 14,
      "make_tot": 15
    }
  },
  "union_tol_sweep": {
    "5": 0.5238095238095238,
    "10": 0.6190476190476191,
    "15": 0.7142857142857143,
    "30": 0.7619047619047619
  }
}