{
  "clip": "PXL_20260720_152319112",
  "tol": 30,
  "n_attempts": 36,
  "conditions": [
    {
      "condition": "C1 baseline@0.25 (greedy)",
      "produced": 14,
      "tp": 14,
      "fp": 0,
      "fn": 22,
      "precision": 1.0,
      "recall_all": 0.3888888888888889,
      "recall_rim": 0.3888888888888889,
      "recall_airball": 0,
      "n_airball": 0
    },
    {
      "condition": "C2 cloud@0.01 (greedy)",
      "produced": 9,
      "tp": 9,
      "fp": 0,
      "fn": 27,
      "precision": 1.0,
      "recall_all": 0.25,
      "recall_rim": 0.25,
      "recall_airball": 0,
      "n_airball": 0
    },
    {
      "condition": "C3 beam (cloud MHT)",
      "produced": 22,
      "tp": 21,
      "fp": 1,
      "fn": 15,
      "precision": 0.9545454545454546,
      "recall_all": 0.5833333333333334,
      "recall_rim": 0.5833333333333334,
      "recall_airball": 0,
      "n_airball": 0
    },
    {
      "condition": "C4 greedy u beam (production candidate)",
      "produced": 28,
      "tp": 28,
      "fp": 0,
      "fn": 8,
      "precision": 1.0,
      "recall_all": 0.7777777777777778,
      "recall_rim": 0.7777777777777778,
      "recall_airball": 0,
      "n_airball": 0
    }
  ],
  "make_miss": {
    "n_matched": 28,
    "geometric": {
      "correct": 18,
      "na": 4,
      "make_hit": 11,
      "make_tot": 14
    },
    "visual": {
      "correct": 14,
      "na": 0,
      "make_hit": 4,
      "make_tot": 14
    }
  },
  "union_tol_sweep": {
    "5": 0.5833333333333334,
    "10": 0.75,
    "15": 0.7777777777777778,
    "30": 0.7777777777777778
  }
}