{
  "clip": "PXL_20260720_153054813",
  "tol": 30,
  "n_attempts": 33,
  "conditions": [
    {
      "condition": "C1 baseline@0.25 (greedy)",
      "produced": 21,
      "tp": 21,
      "fp": 0,
      "fn": 12,
      "precision": 1.0,
      "recall_all": 0.6363636363636364,
      "recall_rim": 0.6129032258064516,
      "recall_airball": 2,
      "n_airball": 2
    },
    {
      "condition": "C2 cloud@0.01 (greedy)",
      "produced": 6,
      "tp": 6,
      "fp": 0,
      "fn": 27,
      "precision": 1.0,
      "recall_all": 0.18181818181818182,
      "recall_rim": 0.1935483870967742,
      "recall_airball": 0,
      "n_airball": 2
    },
    {
      "condition": "C3 beam (cloud MHT)",
      "produced": 29,
      "tp": 27,
      "fp": 2,
      "fn": 6,
      "precision": 0.9310344827586207,
      "recall_all": 0.8181818181818182,
      "recall_rim": 0.8064516129032258,
      "recall_airball": 2,
      "n_airball": 2
    },
    {
      "condition": "C4 greedy u beam (production candidate)",
      "produced": 29,
      "tp": 28,
      "fp": 1,
      "fn": 5,
      "precision": 0.9655172413793104,
      "recall_all": 0.8484848484848485,
      "recall_rim": 0.8387096774193549,
      "recall_airball": 2,
      "n_airball": 2
    }
  ],
  "make_miss": {
    "n_matched": 28,
    "geometric": {
      "correct": 13,
      "na": 12,
      "make_hit": 8,
      "make_tot": 14
    },
    "visual": {
      "correct": 23,
      "na": 0,
      "make_hit": 12,
      "make_tot": 14
    }
  },
  "union_tol_sweep": {
    "5": 0.6363636363636364,
    "10": 0.7878787878787878,
    "15": 0.8181818181818182,
    "30": 0.8484848484848485
  }
}